Responsible AI - Google,Safety
Responsible AI - Google,Privacy
Responsible AI - Google,Security
Responsible AI - Google,Human Centered/Human in the Loop
Responsible AI - Google,Transparency
Responsible AI - Google,Robustness
Responsible AI - Google,Fairness
Responsible AI - Google,Explainability/Interpretability
Responsible AI - MS,Safety
Responsible AI - MS,Privacy
Responsible AI - MS,Security
Responsible AI - MS,Transparency
Responsible AI - MS,Fairness
Responsible AI - MS,Reliability
Responsible AI - MS,Inclusiveness
Responsible AI - MS,Accountability
Responsible AI - IBM,Privacy
Responsible AI - IBM,Transparency
Responsible AI - IBM,Robustness
Responsible AI - IBM,Fairness
Responsible AI - IBM,Explainability/Interpretability
Socially Responsible AI,Safety
Socially Responsible AI,Privacy
Socially Responsible AI,Human Centered/Human in the Loop
Socially Responsible AI,Transparency
Socially Responsible AI,Fairness
Socially Responsible AI,Explainability/Interpretability
Socially Responsible AI,Ethical
Socially Responsible AI,Uncertainty
Socially Responsible AI,Bias
Socially Responsible AI,Misuse
Socially Responsible AI,Correlation and Causation
Socially Responsible AI,Interdisciplinary
Responsible AI (Ghallab. 2019),Safety
Responsible AI (Ghallab. 2019),Privacy
Responsible AI (Ghallab. 2019),Security
Responsible AI (Ghallab. 2019),Transparency
Responsible AI (Ghallab. 2019),Ethical
Responsible AI (Ghallab. 2019),Bias
Responsible AI (Dignum. 2019),Human Centered/Human in the Loop
Responsible AI (Dignum. 2019),Transparency
Responsible AI (Dignum. 2019),Inclusiveness
Responsible AI (Dignum. 2019),Accountability
Responsible AI (Dignum. 2019),Explainability/Interpretability
Responsible AI (Dignum. 2019),Ethical
Responsible AI (Dignum. 2019),Diversity
Responsible AI (Dignum. 2019),Bias
Responsible AI (Dignum. 2019),Reactivity
Responsible AI (Dignum. 2019),Pro-activeness
Responsible AI (Dignum. 2019),Sociability
Responsible AI (Dignum. 2019),Autonomy
Responsible AI (Dignum. 2019),Adaptability
Responsible AI (Dignum. 2019),Interactiivity
Responsible AI (Dignum. 2019),Reflection
3Es,Privacy
3Es,Fairness
3Es,Inclusiveness
3Es,Integrity
3Es,Justice
3Es,Empathy
3Es,Ethical
3Es,Uncertainty
3Es,Representation
3Es,Diversity
3Es,Inference
3Es,Accessibility
3Es,Bias
GeoEthics,Safety
GeoEthics,Privacy
GeoEthics,Security
GeoEthics,Human Centered/Human in the Loop
GeoEthics,Transparency
GeoEthics,Inclusiveness
GeoEthics,Accountability
GeoEthics,Participation
GeoEthics,Legitimacy
GeoEthics,Necessity
GeoEthics,Proportionality
GeoEthics,Universality
GeoEthics,Negotiability
GeoEthics,Enforceability
GeoEthics,Bias